Keywords ,Site Name,Page URL,Keywords ,Position,Source,POC,,,,Keywords ,Site Name,Page URL,Position,Source
international private schools in singapore,https://www.international-schools-database.com/,https://www.international-schools-database.com/in/singapore,international private schools in singapore,Low,SERP,Vanshita,,,,,,,,
international private schools in singapore,https://honeykidsasia.com/,https://honeykidsasia.com/best-international-schools-in-singapore/,international private schools in singapore,Low,AI Overview,Vanshita,,,,,,,,
international private schools in singapore,https://inteachers.net/,https://inteachers.net/international-schools/in/singapore?utm_source=chatgpt.com,international private schools in singapore,Low,ChatGPT,Vanshita,,,,,,,,
private international school,https://www.international-schools-database.com/,https://www.international-schools-database.com/in/singapore,private international school,Low,SERP,Vanshita,,,,,,,,
private international school,https://www.international-schools-database.com/,https://www.international-schools-database.com/in/singapore,private international school,Low,AI Overview,Vanshita,,,,,,,,
international school,https://www.international-schools-database.com/,https://www.international-schools-database.com/in/singapore,international school,Low,SERP,Vanshita,,,,,,,,
international school,https://www.sunnycitykids.com/,https://www.sunnycitykids.com/blog/best-international-schools-in-singapore,international school,Low,AI Overview,Vanshita,,,,,,,,
international school,https://www.doris.school/,https://www.doris.school/international-schools/singapore/singapore?utm_source=chatgpt.com,international school,Low,ChatGPT,Vanshita,,,,,,,,
best international schools in singapore​,https://www.sassymamasg.com/,https://www.sassymamasg.com/learn-international-schools-singapore-secondary/,best international schools in singapore​,Low,SERP,Vanshita,,,,,,,,
best international schools in singapore​,https://honeykidsasia.com/,https://honeykidsasia.com/best-international-schools-in-singapore/,best international schools in singapore​,Low,AI Overview,Vanshita,,,,,,,,
best international schools in singapore​,https://sophiaeducation.sg/,https://sophiaeducation.sg/top-international-schools-in-singapore-2025/?utm_source=chatgpt.com,best international schools in singapore​,Low,ChatGPT,Vanshita,,,,,,,,
high school,https://www.nanyanglearning.com/,https://www.nanyanglearning.com/list-of-secondary-schools-in-singapore,high school,NA,AI Overview,Vanshita,,,,,,,,
high school,https://www.creativecampus.com.sg/,https://www.creativecampus.com.sg/best-secondary-schools-in-singapore-2024?utm_source=chatgpt.com,high school,NA,ChatGPT,Vanshita,,,,,,,,
best high school,https://www.sunnycitykids.com/,https://www.sunnycitykids.com/articles/secondary-school-ranking,best high school,NA,SERP,Vanshita,,,,,,,,
best high school,https://www.sunnycitykids.com/,https://www.sunnycitykids.com/articles/secondary-school-ranking,best high school,NA,AI Overview,Vanshita,,,,,,,,
best high school,https://skoolopedia.com/,https://skoolopedia.com/blog/complete-guide-to-top-secondary-schools-in-singapore-rankings-cut-off-points-programs/?utm_source=chatgpt.com,best high school,NA,ChatGPT,Vanshita,,,,,,,,
secondary school students,https://www.sunnycitykids.com/,https://www.sunnycitykids.com/articles/secondary-school-ranking,secondary school students,NA,SERP,Vanshita,,,,,,,,
secondary school students,https://www.sunnycitykids.com/,https://www.sunnycitykids.com/articles/secondary-school-ranking,secondary school students,NA,AI Overview,Vanshita,,,,,,,,
secondary school students,https://www.nanyanglearning.com/,https://www.nanyanglearning.com/list-of-secondary-schools-in-singapore/?utm_source=chatgpt.com,secondary school students,NA,ChatGPT,Vanshita,,,,,,,,
higher secondary school,https://www.sunnycitykids.com/,https://www.sunnycitykids.com/articles/secondary-school-ranking,higher secondary school,NA,SERP,Vanshita,,,,,,,,
higher secondary school,https://skoolopedia.com/,https://skoolopedia.com/blog/top-secondary-schools-in-singapore-a-comprehensive-guide-for-parents/,higher secondary school,NA,AI Overview,Vanshita,,,,,,,,
international primary schools in singapore,https://educationdestinationasia.com/,https://educationdestinationasia.com/schools/singapore,international primary schools in singapore,NA,SERP,Vanshita,,,,,,,,
international primary schools in singapore,https://www.international-schools-database.com/,https://www.international-schools-database.com/in/singapore,international primary schools in singapore,Low,SERP,Vanshita,,,,,,,,
international primary schools in singapore,https://honeykidsasia.com/,https://honeykidsasia.com/best-international-schools-in-singapore/,international primary schools in singapore,Low,AI Overview,Vanshita,,,,,,,,
international primary schools in singapore,https://www.itseducation.asia/,https://www.itseducation.asia/school/singapore/primary-schools-sg?utm_source=chatgpt.com,international primary schools in singapore,Low,ChatGPT,Vanshita,,,,,,,,
international primary school,https://www.sunnycitykids.com/,https://www.sunnycitykids.com/blog/best-international-schools-in-singapore,international primary school,Low,AI Overview,Vanshita,,,,,,,,
international primary school,https://www.itseducation.asia/,https://www.itseducation.asia/school/singapore/primary-schools-sg?utm_source=chatgpt.com,international primary school,Low,ChatGPT,Vanshita,,,,,,,,
kindergarten schools in singapore,https://preschooler.sg/,https://preschooler.sg/blog/blog-preschool/List-of-top-50-preschools-in-Singapore-in-2025,kindergarten schools in singapore,NA,AI Overview,Vanshita,,,,,,,,
kindergarten schools in singapore,https://schoolbell.net/,https://schoolbell.net/sg/kindergartens/?utm_source=chatgpt.com,kindergarten schools in singapore,NA,ChatGPT,Vanshita,,,,,,,,
kindergarten international school,https://educationdestinationasia.com/,https://educationdestinationasia.com/schools/singapore,kindergarten international school,NA,AI Overview,Vanshita,,,,,,,,
kindergarten international school,https://schoolbell.net/,https://schoolbell.net/sg/international-preschools/?utm_source=chatgpt.com,kindergarten international school,Low,ChatGPT,Vanshita,,,,,,,,
montessori private school,https://www.sunnycitykids.com/,https://www.sunnycitykids.com/blog/montessori-preschools-in-singapore,montessori private school,NA,AI Overview,Vanshita,,,,,,,,
montessori private school,https://www.poidata.io/,https://www.poidata.io/report/montessori-school/singapore?utm_source=chatgpt.com,montessori private school,NA,ChatGPT,Vanshita,,,,,,,,
montessori primary school,https://www.international-schools-database.com/,https://www.international-schools-database.com/in/singapore?filter=on&curriculum[]=Montessori,montessori primary school,NA,SERP,Vanshita,,,,,,,,
montessori primary school,https://www.edarabia.com/,https://www.edarabia.com/schools/curr/montessori/in/singapore/?utm_source=chatgpt.com,montessori primary school,NA,ChatGPT,Vanshita,,,,,,,,
cambridge igcse,https://www.tutopiya.com/,"https://www.tutopiya.com/blog/top-10-igcse-schools-in-singapore/#:~:text=1%20%2D%20Hwa%20Chong%20International%20School,top%20of%20the%20IGCSE%20curriculum.",cambridge igcse,NA,AI Overview,Vanshita,,,,,,,,
cambridge igcse,https://geniebook.com/,https://geniebook.com/exam-preparation/cambridge-igcse/article/complete-list-schools-offering-igcse-singapore?utm_source=chatgpt.com,cambridge igcse,Low,ChatGPT,Vanshita,,,,,,,,
cambridge school,https://educationdestinationasia.com/,https://educationdestinationasia.com/schools/singapore/cambridge,cambridge school,NA,SERP,Vanshita,,,,,,,,
cambridge school,https://educationdestinationasia.com/,https://educationdestinationasia.com/schools/singapore/cambridge,cambridge school,NA,AI Overview,Vanshita,,,,,,,,
cambridge school,https://www.doris.school/,https://www.doris.school/international-schools/singapore?utm_source=chatgpt.com,cambridge school,Low,ChatGPT,Vanshita,,,,,,,,
best private elementary schools,https://www.tutopiya.com/,https://www.tutopiya.com/blog/parents-blog/9-best-private-schools-in-singapore-for-your-child/,best private elementary schools,NA,SERP,Vanshita,,,,,,,,
best private elementary schools,https://skoolopedia.com/,"https://skoolopedia.com/blog/top-10-private-schools-in-singapore-a-comprehensive-guide-for-parents/#:~:text=Table%20Of%20Contents,Conclusion",best private elementary schools,NA,AI Overview,Vanshita,,,,,,,,
best private elementary schools,https://www.itseducation.asia/,https://www.itseducation.asia/school/singapore/primary-schools-sg?utm_source=chatgpt.com,best private elementary schools,Low,ChatGPT,Vanshita,,,,,,,,
elementary school,https://www.yelp.com/,https://www.yelp.com/search?cflt=elementaryschools&find_loc=Singapore&start=0,elementary school,NA,SERP,Vanshita,,,,,,,,
elementary school,https://skoolopedia.com/,"https://skoolopedia.com/blog/top-50-primary-schools-in-singapore-by-psle-results-complete-performance-analysis/#:~:text=Top%2010%20Primary%20Schools%20Overview,Gifted%20Education%20Centre",elementary school,NA,AI Overview,Vanshita,,,,,,,,
elementary school,https://sophiaeducation.sg/,https://sophiaeducation.sg/2025-singapore-psle-school-rankings/?utm_source=chatgpt.com,elementary school,NA,ChatGPT,Vanshita,,,,,,,,
igcse,https://whichschooladvisor.com/,"https://whichschooladvisor.com/singapore/school-news/singapore-igcse-gcse-exam-results-2025-top-20-schools#:~:text=Tanglin%20Trust%20School,C%20(9%E2%80%934).",igcse,Low,AI Overview,Vanshita,,,,,,,,
igcse,https://skoolopedia.com/,https://skoolopedia.com/blog/top-igcse-schools-in-singapore-a-comprehensive-guide-for-parents/?utm_source=chatgpt.com,igcse,NA,ChatGPT,Vanshita,,,,,,,,
igcse singapore,https://geniebook.com/,https://geniebook.com/exam-preparation/cambridge-igcse/article/complete-list-schools-offering-igcse-singapore,igcse singapore,Low,SERP,Vanshita,,,,,,,,
igcse singapore,https://skoolopedia.com/,"https://skoolopedia.com/blog/top-igcse-schools-in-singapore-a-comprehensive-guide-for-parents/#:~:text=Leading%20IGCSE%20Schools,Curriculum%20&%20Subjects",igcse singapore,NA,AI Overview,Vanshita,,,,,,,,
igcse singapore,https://sophiaeducation.sg/,https://sophiaeducation.sg/top-international-schools-in-singapore-2025/?utm_source=chatgpt.com,igcse singapore,Low,ChatGPT,Vanshita,,,,,,,,
cambridge secondary school singapore,https://educationdestinationasia.com/,https://educationdestinationasia.com/schools/singapore/cambridge,cambridge secondary school singapore,NA,SERP,Vanshita,,,,,,,,
cambridge secondary school singapore,https://educationdestinationasia.com/,https://educationdestinationasia.com/schools/singapore/cambridge,cambridge secondary school singapore,NA,AI Overview,Vanshita,,,,,,,,
cambridge secondary school singapore,https://www.schoolmykids.com/,https://www.schoolmykids.com/schools/singapore/list-of-cie-schools-in-singapore-singapore?utm_source=chatgpt.com,cambridge secondary school singapore,NA,ChatGPT,Vanshita,,,,,,,,
ib school,https://theinternationalschools.com/,"https://theinternationalschools.com/sg/top-ib-schools-in-singapore-in-2025/#:~:text=WHICH%20ARE%20THE%20BEST%20IB,average%20of%2030.58%20(2025).",ib school,NA,AI Overview,Vanshita,,,,,,,,
ib school,https://theinternationalschools.com/,https://theinternationalschools.com/sg/top-ib-schools-in-singapore-in-2025/?utm_source=chatgpt.com,ib school,NA,ChatGPT,Vanshita,,,,,,,,
best ib schools in singapore,https://www.ib-schools.com/,https://www.ib-schools.com/singapore-league-tables,best ib schools in singapore,NA,SERP,Vanshita,,,,,,,,
best ib schools in singapore,https://whichschooladvisor.com/,"https://whichschooladvisor.com/singapore/guides/singapores-best-ib-schools-by-ibdp-score#:~:text=Anglo%2DChinese%20School%20(International),Guide",best ib schools in singapore,Low,AI Overview,Vanshita,,,,,,,,
best ib schools in singapore,https://theinternationalschools.com/,https://theinternationalschools.com/sg/top-ib-schools-in-singapore-in-2025/?utm_source=chatgpt.com,best ib schools in singapore,NA,ChatGPT,Vanshita,,,,,,,,
ibdp,https://skoolopedia.com/,https://skoolopedia.com/blog/top-ib-schools-in-singapore-a-comprehensive-guide-for-parents/,ibdp,NA,AI Overview,Vanshita,,,,,,,,
ibdp,https://www.sassymamasg.com/,https://www.sassymamasg.com/ib-schools-international-baccalaureate-singapore/?utm_source=chatgpt.com,ibdp,Low,ChatGPT,Vanshita,,,,,,,,
international school syllabus,https://honeykidsasia.com/,https://honeykidsasia.com/school-curriculums-in-singapore-explained/,international school syllabus,Low,SERP,Ankit,,,,,,,,
international school syllabus,https://theinternationalschools.com/,"https://theinternationalschools.com/sg/top-international-schools-in-singapore-2026-guide/#:~:text=Compare%20Top%2010%20International%20Schools%20in%20Singapore,SCHOOL%20(SINGAPORE)%20%C2%B7%20NEXUS%20INTERNATIONAL%20SCHOOL%20(SINGAPORE).",international school syllabus,NA,AI Overview,Ankit,,,,,,,,
international school syllabus,https://sophiaeducation.sg/,https://sophiaeducation.sg/top-international-schools-in-singapore-2025/?utm_source=chatgpt.com,international school syllabus,Low,Chat GPT,Ankit,,,,,,,,
international school singapore curriculum,https://honeykidsasia.com/,https://honeykidsasia.com/school-curriculums-in-singapore-explained/,international school singapore curriculum,Low,SERP,Ankit,,,,,,,,
international school singapore curriculum,https://honeykidsasia.com/,https://honeykidsasia.com/best-international-schools-in-singapore/,international school singapore curriculum,NA,AI Overview,Ankit,,,,,,,,
international school singapore curriculum,https://singaporeglobalnetwork.gov.sg/,https://singaporeglobalnetwork.gov.sg/stories/culture/an-introduction-to-international-schools-in-singapore/?utm_source=chatgpt.com,international school singapore curriculum,NA,Chat GPT,Ankit,,,,,,,,
international school fees,https://www.google.com/,https://www.tutopiya.com/blog/parents-blog/international-school-fees-structure-singapore/,international school fees,NA,SERP,Ankit,,,,,,,,
international school fees,https://www.newtonshowcamp.com/,"https://www.newtonshowcamp.com/international-schools-singapore#:~:text=Some%20of%20the%20most%20expensive,schools%20is%20not%20that%20easy.",international school fees,Low,AI Overview,Ankit,,,,,,,,
singapore private school fees,https://www.edarabia.com/s,https://www.edarabia.com/singapore-school-fees/,singapore private school fees,Low,SERP,Ankit,,,,,,,,
ib result,https://theinternationalschools.com/,https://theinternationalschools.com/sg/top-ib-schools-in-singapore-in-2025/?utm_source=chatgpt.com,ib result,NA,Chat GPT,Ankit,,,,,,,,
ib singapore results,https://whichschooladvisor.com/,"https://whichschooladvisor.com/singapore/guides/ib-results-2025-the-best-ib-schools-in-singapore-revealed#:~:text=Why%20Tanglin%20Trust%20Leads%20the,just%20a%20few%20star%20students.",ib singapore results,NA,AI Overview,Ankit,,,,,,,,
early childhood education,https://honeykidsasia.com/,https://honeykidsasia.com/best-preschools-in-singapore/?utm_source=chatgpt.com,early childhood education,NA,Chat GPT,Ankit,,,,,,,,
early childhood education singapore,https://skoolopedia.com/,https://skoolopedia.com/blog/top-10-preschools-in-singapore-expert-guide-to-early-childhood-education/?utm_source=chatgpt.com,early childhood education singapore,NA,Chat GPT,Ankit,,,,,,,,
best schools in singapore​,https://www.goodschoolsguide.co.uk/,https://www.goodschoolsguide.co.uk/international/singapore/singapore,best schools in singapore​,NA,SERP,Ankit,,,,,,,,
best schools in singapore​,https://skoolopedia.com/,https://skoolopedia.com/blog/top-10-best-schools-in-singapore-complete-guide-for-parents/,best schools in singapore​,NA,AI Overview,Ankit,,,,,,,,
best schools in singapore​,https://schoolbell.net/,https://schoolbell.net/sg/secondary-schools/?utm_source=chatgpt.com,best schools in singapore​,NA,Chat GPT,Ankit,,,,,,,,
best private middle schools,https://www.tutopiya.com/,https://www.tutopiya.com/blog/parents-blog/9-best-private-schools-in-singapore-for-your-child/,best private middle schools,NA,SERP,Ankit,,,,,,,,
best private middle schools,https://www.goodschoolsguide.co.uk/,https://www.goodschoolsguide.co.uk/international/singapore/singapore,best private middle schools,NA,SERP,Ankit,,,,,,,,
best private middle schools,https://www.tutopiya.com/,https://www.tutopiya.com/blog/parents-blog/9-best-private-schools-in-singapore-for-your-child/,best private middle schools,NA,AI Overview,Ankit,,,,,,,,
best private middle schools,https://www.sassymamasg.com/l,https://www.sassymamasg.com/learn-international-schools-singapore-secondary/?utm_source=chatgpt.com,best private middle schools,Low,Chat GPT,Ankit,,,,,,,,
best private middle schools,https://wise.com/,https://wise.com/sg/blog/best-international-schools-in-singapore?utm_source=chatgpt.com,best private middle schools,Low,Chat GPT,Ankit,,,,,,,,
pre school singapore,https://preschooler.sg/,https://preschooler.sg/blog/blog-preschool/List-of-top-50-preschools-in-Singapore-in-2025,pre school singapore,NA,SERP,Ankit,,,,,,,,
pre school singapore,https://preschooler.sg/,https://preschooler.sg/blog/blog-preschool/List-of-top-50-preschools-in-Singapore-in-2025,pre school singapore,NA,AI Overview,Ankit,,,,,,,,
singapore pre school,https://www.sunnycitykids.com/,https://www.sunnycitykids.com/blog/best-preschools-in-singapore,singapore pre school,Low,AI Overview,Ankit,,,,,,,,
best preschool in singapore,https://preschooler.sg/,https://preschooler.sg/blog/blog-preschool/List-of-top-50-preschools-in-Singapore-in-2025,best preschool in singapore,NA,SERP,Ankit,,,,,,,,
best preschool in singapore,https://www.sunnycitykids.com/,https://www.sunnycitykids.com/blog/best-preschools-in-singapore,best preschool in singapore,Low,AI Overview,Ankit,,,,,,,,
best preschool in singapore,https://skoolopedia.com/,"https://skoolopedia.com/blog/best-preschools-and-kindergartens-in-singapore/#:~:text=1.,Raffles%20Kidz%20International&text=Raffles%20Kidz%20International%2C%20a%20multi,best%20head%20start%20in%20life.",best preschool in singapore,NA,AI Overview,Ankit,,,,,,,,
ib pyp schools,https://itseducation.asia/,https://itseducation.asia/school/singapore/international-schools-sg/iB-schools-sg,ib pyp schools,NA,SERP,Ankit,,,,,,,,
ib pyp schools,https://www.ibyb.org/,https://www.ibyb.org/ib-world-schools-in-singapore,ib pyp schools,Low,SERP,Ankit,,,,,,,,
ib pyp schools,https://itseducation.asia/,"https://itseducation.asia/school/singapore/international-schools-sg/iB-schools-sg#:~:text=Here%20is%20the%20complete%20list,School;%20UWC%20South%20East%20Asia.",ib pyp schools,NA,AI Overview,Ankit,,,,,,,,
ib pyp schools,https://www.ibyb.org/,"https://www.ibyb.org/ib-world-schools-in-singapore#:~:text=Here%20are%20some%20IB%20World%20Schools%20in,Institution%20International**%20*%20**Tanglin%20Trust%20School%2C%20Singapore**",ib pyp schools,Low,AI Overview,Ankit,,,,,,,,
Pre Primary Schools,https://www.ecda.gov.sg/,https://www.ecda.gov.sg/parents/preschool-search/upcoming-preschools,Pre Primary Schools,NA,SERP,Ankit,,,,,,,,
Pre Primary Schools,https://preschooler.sg/,https://preschooler.sg/blog/blog-preschool/List-of-top-50-preschools-in-Singapore-in-2025,Pre Primary Schools,NA,AI Overview,Ankit,,,,,,,,
Pre Primary Schools,https://www.sunnycitykids.com/,https://www.sunnycitykids.com/blog/best-preschools-in-singapore,Pre Primary Schools,Low,AI Overview,Ankit,,,,,,,,
Pre Primary Schools,https://honeykidsasia.com/,https://honeykidsasia.com/best-preschools-in-singapore/,Pre Primary Schools,Low,Chat GPT,Ankit,,,,,,,,
Pre Primary Schools,https://skoolopedia.com/,https://skoolopedia.com/blog/top-10-preschools-in-singapore-expert-guide-to-early-childhood-education/?utm_source=chatgpt.com,Pre Primary Schools,NA,Chat GPT,Ankit,,,,,,,,
Pre Primary Schools,https://skoolopedia.com/,https://skoolopedia.com/blog/best-preschools-and-kindergartens-in-singapore/?utm_source=chatgpt.com,Pre Primary Schools,NA,Chat GPT,Ankit,,,,,,,,
primary school application,https://skoolopedia.com/,"https://skoolopedia.com/blog/top-10-most-competitive-primary-schools-in-singapore-complete-balloting-history-and-admission-statistics/#:~:text=1.,Red%20Swastika%20School",primary school application,NA,AI Overview,Ankit,,,,,,,,
primary school application,https://eduguru.sg/,https://eduguru.sg/p1-registration?utm_source=chatgpt.com,primary school application,NA,Chat GPT,Ankit,,,,,,,,