Keywords,Intent,Volume,K/D,Category,Cluster,Target,Geo,Topic
best international schools in singapore​,Commercial,590,22,NA,International Schools,Landing Page,Singapore,NA
list of international schools in singapore,Commercial,390,20,NA,International Schools,Blogs,Singapore,Blog Best/Top of International Schools in Singapore
best schools in singapore​,Commercial,590,31,Best/Top Schools,Schools in Singapore,Blog,Singapore,Best/Top Schools in Singapore
top schools in singapore,Commercial,480,34,Best/Top Schools,Private Schools,Blog,Singapore,Best/Top Schools in Singapore
private schools in singapore​,Commercial,1300,44,NA,Private Schools,Blogs,Singapore,Blog Private Schools in Singapore
affordable private schools in singapore,Commercial,90,31,Affordable School,Private Schools,Blogs,Singapore,Blog Affordable Private Schools in Singapore
best private schools in singapore​,Commercial,20,17,Best/Top Private Schools,Private Schools,Blogs,Singapore,Best/Top Private Schools in Singapore
list of private schools in singapore​,Commercial,20,24,NA,Private Schools,Blogs,Singapore,Blog Private Schools in Singapore
ib schools in singapore​,Informational/Commercial,1300,26,NA,IB Schools,Blogs,Singapore,Blogs IB Schools in Singapore
best ib schools in singapore,Commercial,110,10,Best/Top IB Schools,IB Schools,Blogs,Singapore,Blogs Best/Top IB Schools in Singapore
top ib schools in singapore,Commercial,30,9,Best/Top IB Schools,IB Schools,Blogs,Singapore,Blogs Best/Top IB Schools in Singapore
ib schools in singapore fees,Informational,20,25,Fee,IB Schools,Landing Page,Singapore,NA
ibdp schools in singapore,Commercial,1300,n/a,NA,IBDP Schools,Blogs,Singapore,Blogs IBDP Schools in Singapore
ib primary years programme singapore,Informational/Commercial,30,23,NA,IBPYP Schools,Landing Page,Singapore,NA
cambridge curriculum schools in singapore,Commercial,20,27,NA,Cambridge Schools,Landing Page,Singapore,NA
igcse schools in singapore​,Commercial,110,28,NA,IGCSE Schools,Landing Page,Singapore,NA
list of montessori schools in singapore,Commercial,30,19,Bes/Top Montessori Schools,Montessori Schools,Blogs,Singapore,Blogs Best/Top Montessori Schools
top montessori schools in singapore,Commercial,20,20,Bes/Top Montessori Schools,Montessori Schools,Blogs,Singapore,Blogs Best/Top Montessori Schools
best montessori schools in singapore​,Commercial,10,21,Bes/Top Montessori Schools,Montessori Schools,Blogs,Singapore,Blogs Best/Top Montessori Schools
kindergarten schools in singapore,Commercial,1600,38,NA,Kindergarten Schools,Landing Page,Singapore,NA
cheapest kindergarten in singapore,Commercial ,70,n/a,NA,Kindergarten Schools,Blogs,Singapore,Blogs Cheapest Kindergarten in Singapore
top kindergarten in singapore,Informational ,50,n/a,Top Kindergarten,Kindergarten Schools,Blogs,Singapore,Blogs Top Kindergarten in Singapore
private kindergarten schools in singapore,Commercial ,40,n/a,Kindergarten,Private Schools,Landing Page,Singapore,NA
kindergarten school fees in singapore,Commercial ,30,n/a,Fee,Kindergarten Schools,Landing Page,Singapore,NA
kindergarten in singapore for foreigners,Commercial ,20,n/a,NA,Kindergarten Schools,Landing Page,Singapore,NA
best kindergarten school in singapore,Commercial ,10,n/a,Best/Top Kindergarten School,Kindergarten Schools,Blogs,Singapore,Blogs Best/Top Kindergarten School
cost of kindergarten in singapore,Commercial ,10,n/a,Fee,Kindergarten Schools,Landing Page,Singapore,NA
pre primary school,Informational ,10,n/a,NA,Pre Primary Schools,Blogs,Singapore,Blogs Pre Primary School
pre primary education in singapore,Informational ,10,n/a,NA,Pre Primary Schools,Blogs,Singapore,Blogs Pre Primary Education
best primary school in singapore,Commercial,1300,13,NA,Primary Schools,Landing Page,Singapore,NA
top primary schools in singapore,Commercial,1300,6,Best/Top Primary Schools,Primary Schools,Blogs,Singapore,Blogs Best/Top Primary Schools
how many primary schools in singapore,Informational,390,18,FAQ's,Primary Schools,Blogs,Singapore,Blogs FAQ Primary School
international primary schools in singapore,Commercial,260,43,NA,Primary Schools,Blogs,Singapore,Blog International Primary Schools in Singapore
list of primary schools in singapore,Commercial,260,13,List of Primary Schools,Primary Schools,Landing Page,Singapore,NA
good primary school in singapore,Commercial,210,9,Best/Top Primary Schools,Primary Schools,Blogs,Singapore,Blogs Best/Top Primary Schools
private primary schools in singapore,Commercial,140,39,NA,Primary Schools,Landing Page,Singapore,NA
top 50 primary schools in singapore,Commercial,140,8,Best/Top Primary Schools,Primary Schools,Blogs,Singapore,Blogs Best/Top Primary Schools
best private primary schools in singapore,Commercial ,30,n/a,NA,Primary Schools,Landing Page,Singapore,NA
old primary school in singapore,Informational ,30,n/a,NA,Primary Schools,Blogs,Singapore,Blogs Old Primary Schools in Singapore
when to register for primary school in singapore,Informational ,30,n/a,FAQ's,Primary Schools,Blogs,Singapore,Blogs FAQ Primary School
best international primary schools in singapore,Informational ,20,n/a,Best/Top Primary Schools,Primary Schools,Blogs,Singapore,Blogs Best/Top Primary Schools
list of good primary schools in singapore,Informational ,20,n/a,List of Primary Schools,Primary Schools,Landing Page,Singapore,NA
list of top primary schools in singapore,Informational ,20,n/a,List of Primary Schools,Primary Schools,Landing Page,Singapore,NA
primary school in woodlands singapore,Informational ,20,n/a,NA,Primary Schools,Blogs,Singapore,Blogs Primary Schools in Woodlands Singapore
private schools in singapore for primary level,Commercial ,20,n/a,NA,Primary Schools,Landing Page,Singapore,NA
all primary school in singapore,Informational ,10,n/a,NA,Primary Schools,Blogs,Singapore,Blogs All Primary School in Singapore
best primary school in west singapore,Informational ,10,n/a,Best/Top Primary Schools,Primary Schools,Blogs,Singapore,Blogs Best/Top Primary Schools
best primary school in woodlands singapore,Informational ,10,n/a,Best/Top Primary Schools,Primary Schools,Blogs,Singapore,Blogs Best/Top Primary Schools
biggest primary school in singapore,Informational ,10,n/a,NA,Primary Schools,Blogs,Singapore,Blogs Biggest Primary School in Singapore
cheapest international primary school in singapore,Commercial ,10,n/a,NA,Primary Schools,Landing Page,Singapore,NA
how much is primary school fees in singapore,Commercial ,10,n/a,FAQ's,Primary Schools,Blogs,Singapore,Blogs FAQ Primary School
how to apply primary school in singapore,Commercial ,10,n/a,FAQ's,Primary Schools,Blogs,Singapore,Blogs FAQ Primary School
how to register for primary school in singapore,Commercial ,10,n/a,FAQ's,Primary Schools,Blogs,Singapore,Blogs FAQ Primary School
how to register primary school in singapore,Commercial ,10,n/a,FAQ's,Primary Schools,Blogs,Singapore,Blogs FAQ Primary School
kindergarten in primary school singapore,Informational ,10,n/a,Kindergarten,Primary Schools,Landing Page,Singapore,NA
list of best primary schools in singapore,Informational ,10,n/a,List of Primary Schools,Primary Schools,Landing Page,Singapore,NA
list of primary schools in singapore by ranking,Informational ,10,n/a,List of Primary Schools,Primary Schools,Landing Page,Singapore,NA
primary school fees for international students in singapore,Commercial ,10,n/a,Fee,Primary Schools,Blogs,Singapore,Blog Primary School Fees for International Students
primary school fees in singapore for foreign students,Commercial ,10,n/a,Fee,Primary Schools,Blogs,Singapore,Blog Primary School Fees for International Students
primary school fees in singapore for foreigners,Commercial ,10,n/a,Fee,Primary Schools,Blogs,Singapore,Blog Primary School Fees for International Students
primary school for foreigners in singapore,Commercial ,10,n/a,NA,Primary Schools,Landing Page,Singapore,NA
private school in singapore for primary 1,Commercial ,10,n/a,NA,Primary Schools,Landing Page,Singapore,NA
ranking primary school in singapore,Informational ,10,n/a,NA,Primary Schools,Landing Page,Singapore,NA
school fee for primary school in singapore,Commercial ,10,n/a,Fee,Primary Schools,Blogs,Singapore,Blog Primary School Fees
the best primary school in singapore,Informational ,10,n/a,Best/Top Primary Schools,Primary Schools,Blogs,Singapore,Blogs Best/Top Primary Schools
top 20 primary school in singapore,Informational ,10,n/a,Best/Top Primary Schools,Primary Schools,Blogs,Singapore,Blogs Best/Top Primary Schools
top 5 primary schools in singapore,Informational ,10,n/a,Best/Top Primary Schools,Primary Schools,Blogs,Singapore,Blogs Best/Top Primary Schools
top private primary schools in singapore,Commercial ,10,n/a,NA,Primary Schools,Landing Page,Singapore,NA
top ranking primary school in singapore,Informational ,10,n/a,Best/Top Primary Schools,Primary Schools,Blogs,Singapore,Blogs Best/Top Primary Schools
top schools in singapore primary,Informational ,10,n/a,Best/Top Primary Schools,Primary Schools,Blogs,Singapore,Blogs Best/Top Primary Schools
top ten primary schools in singapore,Informational ,10,n/a,Best/Top Primary Schools,Primary Schools,Blogs,Singapore,Blogs Best/Top Primary Schools
total primary schools in singapore,Informational ,10,n/a,Best/Top Primary Schools,Primary Schools,Blogs,Singapore,Blogs Best/Top Primary Schools
what is high school in singapore,Informational ,210,20,FAQ's,High Schools,Blogs,Singapore,Blogs FAQ High School
high school education in singapore,Informational ,20,n/a,NA,High Schools,Landing Page,Singapore,NA
list of high school in singapore,Informational ,20,n/a,List of High Schools,High Schools,Landing Page,Singapore,NA
top high school in singapore,Informational ,20,n/a,Best/Top High School,High Schools,Landing Page,Singapore,NA
best high school in singapore,Informational ,10,n/a,Best/Top High School,High Schools,Landing Page,Singapore,NA
best international high schools in singapore,Informational ,10,n/a,NA,High Schools,Blogs,Singapore,Blogs Best International High Schools in SIngapore
high school in singapore for international students,Informational ,10,n/a,NA,High Schools,Landing Page,Singapore,Blog High School in Singapore for International Students
private high school in singapore,Commercial ,10,n/a,High School,High Schools,Landing Page,Singapore,NA
international school,Commercial,5400,65,NA,International Schools,Landing Page,Singapore,NA
singapore international school,Commercial,1600,49,NA,International Schools,Landing Page,Singapore,NA
best international schools in singapore,Commercial,590,22,NA,International Schools,Landing Page,Singapore,NA
singapore international school fees,Informational,590,33,Fees,International Schools,Blogs,Singapore,Blog Singapore International School Fees
cheapest international school in singapore,Commercial,210,28,NA,International Schools,Landing Page,Singapore,Blog Singapore International School Fees
top international schools in singapore,Commercial,210,26,NA,International Schools,Blogs,Singapore,Blog Best/Top of International Schools in Singapore
international primary school,Commercial,140,42,NA,Primary Schools,Landing Page,Singapore,NA
international school fees,"Informational, Commercial",140,24,Fee,International Schools,Landing Page,Singapore,NA
international secondary schools in singapore,Commercial,140,41,NA,Secondary Schools,Blogs,Singapore,Blog International Secondary Schools in Singapore
advantages of international school,Informational,90,9,NA,International Schools,Landing Page,Singapore,NA
international school syllabus,Informational,90,24,NA,International Schools,Landing Page,Singapore,NA
kindergarten international school,Commercial,90,33,Kindergarten,International Schools,Landing Page,Singapore,NA
singapore international school admission,Informational,90,20,Admission,International Schools,Landing Page,Singapore,NA
ib international school,Informational ,70,n/a,IB,International Schools,Landing Page,Singapore,NA
international hospitality school,Informational ,70,n/a,Hospitality,International Schools,Landing Page,Singapore,NA
international kindergarten school,Commercial ,70,n/a,Kindergarten,International Schools,Landing Page,Singapore,NA
international school price,Commercial ,50,n/a,Fee,International Schools,Landing Page,Singapore,NA
international private schools in singapore,Commercial ,40,n/a,NA,Private Schools,Landing Page,Singapore,NA
singapore international school curriculum,Informational ,40,n/a,NA,International Schools,Landing Page,Singapore,NA
singapore international school fees comparison,Commercial ,40,n/a,Fee,International Schools,Landing Page,Singapore,NA
which international school in singapore is the best,Informational ,40,n/a,FAQ's,International Schools,Blogs,Singapore,Blogs FAQ International School
budget international schools in singapore,Commercial ,30,n/a,Fee,International Schools,Landing Page,Singapore,NA
high school scholarships for international students,Informational ,30,n/a,Scholarship,International Schools,Landing Page,Singapore,NA
international graduate school,Informational ,30,n/a,Graduate School,International Schools,Landing Page,Singapore,NA
international middle school,Informational ,30,n/a,Middle School,International Schools,Landing Page,Singapore,NA
private international school,Commercial ,30,n/a,NA,Private Schools,Landing Page,Singapore,NA
singapore international secondary school,Informational ,30,n/a,Secondary School,International Schools,Landing Page,Singapore,NA
all international schools in singapore,Informational ,20,n/a,NA,International Schools,Blogs,Singapore,Blogs All International Schools in Singapore
best international schools,Informational ,20,n/a,NA,International Schools,Blogs,Singapore,Blogs Best International Schools
fees for international schools in singapore,Commercial ,20,n/a,Fee,International Schools,Landing Page,Singapore,NA
international pre school singapore,Commercial ,20,n/a,NA,Pre Schools,Blogs,Singapore,Blogs International Pre School Singapore
international school closure singapore,Informational ,20,n/a,NA,International Schools,Blogs,Singapore,Blogs International School Closure Singapore
international school program,Informational ,20,n/a,NA,International Schools,Landing Page,Singapore,NA
singapore high school scholarship for international students,Informational ,20,n/a,Secondary School,International Schools,Landing Page,Singapore,NA
the best international school in singapore,Informational ,20,n/a,Top/Best International School,International Schools,Blogs,Singapore,Blogs Best/Top International Schools
top international schools,Informational ,20,n/a,Top/Best International School,International Schools,Blogs,Singapore,Blogs Best/Top International Schools
benefits of international school,Informational ,10,n/a,NA,International Schools,Landing Page,Singapore,NA
best international primary school singapore,Commercial ,10,n/a,Best/Top Primary Schools,Primary Schools,Blogs,Singapore,Blogs Best/Top Primary Schools
best international school in singapore with less fees,Commercial ,10,n/a,Fee,International Schools,Landing Page,Singapore,NA
cheap international school,Commercial ,10,n/a,NA,International Schools,Landing Page,Singapore,NA
cost of international schools in singapore,Commercial ,10,n/a,Fee,International Schools,Landing Page,Singapore,NA
high school for international students,Informational ,10,n/a,NA,High Schools,Landing Page,Singapore,NA
international high school,Informational ,10,n/a,NA,High Schools,Landing Page,Singapore,NA
international kindergarten schools in singapore,Commercial ,10,n/a,NA,Kindergarten Schools,Blogs,Singapore,Blogs International Kindergarten Schools in Singapore
international pre schools singapore,Commercial ,10,n/a,NA,Pre Schools,Landing Page,Singapore,NA
international school admission,Commercial ,10,n/a,Admission,Pre Schools,Landing Page,Singapore,NA
international school application,Commercial ,10,n/a,Application,International Schools,Landing Page,Singapore,NA
international school application form,Commercial ,10,n/a,Application,International Schools,Landing Page,Singapore,NA
international school cost,Commercial ,10,n/a,Fee,International Schools,Landing Page,Singapore,NA
international school cost in singapore,Commercial ,10,n/a,Fee,International Schools,Landing Page,Singapore,NA
international school curriculum,Informational ,10,n/a,NA,International Schools,Landing Page,Singapore,NA
international school facilities,Informational ,10,n/a,NA,International Schools,Landing Page,Singapore,NA
international school fair singapore,Informational ,10,n/a,Fee,International Schools,Landing Page,Singapore,NA
international school for primary education,Commercial ,10,n/a,NA,Primary Schools,Landing Page,Singapore,NA
international school grade levels,Informational ,10,n/a,Grade,International Schools,Landing Page,Singapore,NA
international school grading system,Informational ,10,n/a,Grade,International Schools,Landing Page,Singapore,NA
international school requirements,Informational ,10,n/a,NA,International Schools,Landing Page,Singapore,NA
international school scholarship,Informational ,10,n/a,Scholarship,International Schools,Landing Page,Singapore,NA
international school singapore curriculum,Informational ,10,n/a,NA,International Schools,Landing Page,Singapore,NA
international school singapore ib,Informational ,10,n/a,NA,International Schools,Landing Page,Singapore,NA
international school singapore preschool,Commercial ,10,n/a,NA,Pre Schools,Landing Page,Singapore,NA
international school singapore primary,Commercial ,10,n/a,NA,Primary Schools,Landing Page,Singapore,NA
international school tuition fee,Commercial ,10,n/a,Fee,International Schools,Landing Page,Singapore,NA
international schools offering scholarships,Informational ,10,n/a,Scholarship,International Schools,Landing Page,Singapore,NA
international schools overseas,Informational ,10,n/a,Overseas,International Schools,Blogs,Singapore,Blogs International Schools Overseas
international secondary school,Informational ,10,n/a,NA,Secondary Schools,Landing Page,Singapore,NA
international secondary school singapore,Informational ,10,n/a,NA,Secondary Schools,Landing Page,Singapore,NA
international student high school fee,Commercial ,10,n/a,Fee,High Schools,Landing Page,Singapore,NA
international student school fees,Commercial ,10,n/a,Fee,International Schools,Landing Page,Singapore,NA
list of best international schools in singapore,Informational ,10,n/a,List of Best/Top International Schools,International Schools,Blogs,Singapore,Blogs List of Best International Schools in Singapore
low cost international school in singapore,Commercial ,10,n/a,Fee,International Schools,Landing Page,Singapore,NA
new international school,Informational ,10,n/a,NA,International Schools,Landing Page,Singapore,NA
new international school singapore,Informational ,10,n/a,NA,International Schools,Landing Page,Singapore,NA
overseas international school,Informational ,10,n/a,Overseas,International Schools,Landing Page,Singapore,NA
preschool international school,Commercial ,10,n/a,NA,Pre Schools,Landing Page,Singapore,NA
primary school fees for international students,Commercial ,10,n/a,Fee,Primary Schools,Blogs,Singapore,Blog Primary School Fees for International Students
primary school for international student,Commercial ,10,n/a,NA,Primary Schools,Landing Page,Singapore,NA
private international schools in singapore,Commercial ,10,n/a,NA,Private Schools,Landing Page,Singapore,NA
private schools for international students,Commercial ,10,n/a,NA,Private Schools,Landing Page,Singapore,NA
school fees for international students in singapore,Commercial ,10,n/a,Fee,International Schools,Landing Page,Singapore,NA
school of international studies,Informational ,10,n/a,NA,International Schools,Landing Page,Singapore,NA
schools for international students,Informational ,10,n/a,NA,International Schools,Landing Page,Singapore,NA
schools in singapore for international students,Informational ,10,n/a,NA,International Schools,Landing Page,Singapore,NA
schools that offer financial aid to international students,Informational ,10,n/a,Scholarship,International Schools,Landing Page,Singapore,NA
schools with best financial aid for international students,Informational ,10,n/a,Scholarship,International Schools,Landing Page,Singapore,NA
secondary school fees for international students,Commercial ,10,n/a,Fee,Secondary Schools,Landing Page,Singapore,NA
singapore citizen international school,Informational ,10,n/a,Citizen,International Schools,Landing Page,Singapore,NA
singapore international high school,Informational ,10,n/a,NA,High Schools,Landing Page,Singapore,NA
singapore international school fees structure,Commercial ,10,n/a,Fee,International Schools,Landing Page,Singapore,NA
singapore international school overseas,Informational ,10,n/a,Overseas,International Schools,Landing Page,Singapore,NA
singapore international school singapore,Informational ,10,n/a,NA,International Schools,Landing Page,Singapore,NA
singapore international school tuition fee,Commercial ,10,n/a,Fee,International Schools,Landing Page,Singapore,NA
singapore list of international schools,Informational ,10,n/a,List of International School,International Schools,Blogs,Singapore,Blogs Singapore List of International Schools
small international schools in singapore,Informational ,10,n/a,NA,International Schools,Blogs,Singapore,Blogs Small International Schools in Singapore
top 5 international schools in singapore,Informational ,10,n/a,Best/Top international Schools,International Schools,Blogs,Singapore,Blogs Best/Top international Schools in Singapore
top singapore international schools,Informational ,10,n/a,Best/Top international Schools,International Schools,Blogs,Singapore,Blogs Best/Top international Schools in Singapore
private schools in singapore,Commercial,1300,44,NA,Private Schools,Landing Page,Singapore,NA
private school,Commercial,720,37,NA,Private Schools,Landing Page,Singapore,NA
private o level school,Commercial,210,15,NA,Private Schools,Landing Page,Singapore,NA
private secondary school in singapore,Commercial,170,37,NA,Private Schools,Landing Page,Singapore,NA
private special needs schools in singapore,Commercial,140,39,NA,Primary Schools,Landing Page,Singapore,NA
singapore private school fees,Commercial,110,39,NA,Private Schools,Landing Page,Singapore,NA
best private law schools,Informational,110,34,NA,Private Schools,Landing Page,Singapore,Fees
early childhood education private school,Commercial,90,31,NA,Private Schools,Landing Page,Singapore,Fees
private business schools in germany,Commercial,90,34,Law,Private Schools,Blogs,Singapore,Blog Best Private Law Schools
private school entrance exam,Commercial,90,51,NA,Private Schools,Landing Page,Singapore,NA
why are private schools so expensive,Commercial,90,28,Business School,Private Schools,Blogs,Singapore,Blog Private Business Schools in Germany
private boarding schools,Informational,90,19,NA,Private Schools,Landing Page,Singapore,Exam
private school singapore cost,Informational,90,n/a,NA,Private Schools,Blogs,Singapore,Blog Why are Private Schools so Expensive
private academy schools,Commercial,70,n/a,NA,Private Schools,Blogs,Singapore,Blog Private Boarding Schools
what is a private school,Commercial,70,n/a,NA,Private Schools,Landing Page,Singapore,Fees
ib private schools,Informational,50,n/a,NA,Private Schools,Blogs,Singapore,Blog Private Academy Schools
private primary school fees,Informational,50,n/a,NA,Private Schools,Landing Page,Singapore,NA
private school advantages,Commercial,40,n/a,IB,Private Schools,Blogs,Singapore,Blog IB Private Schoools
private school certification,Commercial,40,n/a,NA,Private Schools,Blogs,Singapore,Blog International Private Schools in Singapore
private schools for learning disabilities,Commercial,40,n/a,Kindergarten,Private Schools,Landing Page,Singapore,NA
private special needs school singapore,Commercial,40,n/a,Fee,Primary Schools,Landing Page,Singapore,NA
singapore private school fees for foreigners,Informational,40,n/a,NA,Private Schools,Landing Page,Singapore,NA
difference between private school and international school,Informational,40,n/a,NA,Private Schools,Landing Page,Singapore,NA
private school names list,Commercial,40,n/a,NA,Private Schools,Blogs,Singapore,Blog Private Schools for Learning Disabilities
public or private school,Commercial,40,n/a,NA,Private Schools,Landing Page,Singapore,NA
reasons why private schools are better,Commercial,40,n/a,NA,Private Schools,Landing Page,Singapore,Fees
recognition of private schools,Commercial,30,n/a,NA,Primary Schools,Landing Page,Singapore,NA
ways to increase enrollment in private schools,Informational,30,n/a,NA,Private Schools,Landing Page,Singapore,NA
are private schools better,Commercial,30,n/a,NA,Private Schools,Landing Page,Singapore,NA
association of private schools and colleges singapore,Informational,30,n/a,NA,Private Schools,Blogs,Singapore,Blog Private School Names List
best coed private schools,Informational,30,n/a,NA,Private Schools,Landing Page,Singapore,NA
charter school vs private school,Informational,30,n/a,NA,Private Schools,Blogs,Singapore,Blog Reasons Why Private Schools are Better
cheap private o level school in singapore,Informational,30,n/a,NA,Private Schools,Landing Page,Singapore,NA
homeschool vs private school,Informational,30,n/a,NA,Private Schools,Blogs,Singapore,Blog Ways to Increase Enrollment in Private Schools
how to decline private school acceptance,Informational,20,n/a,NA,Private Schools,Blogs,Singapore,Blog Are Private Schools Better
list of private schools in singapore,Navigational,20,n/a,NA,Private Schools,Blogs,Singapore,Blog Association of Private Schools and Colleges in Singapore
online private school,Commercial,20,n/a,Co Ed,Private Schools,Blogs,Singapore,Blog Best COED Private School
private business schools,Informational,20,n/a,NA,Private Schools,Landing Page,Singapore,NA
private dental schools,Commercial,20,n/a,NA,Private Schools,Landing Page,Singapore,NA
private law school singapore,Informational,20,n/a,NA,Private Schools,Landing Page,Singapore,NA
private school of professional psychology,Informational,20,n/a,NA,Private Schools,Blogs,Singapore,Blog How to Decline Private School Acceptance
private school scholarships,Commercial,20,n/a,NA,Private Schools,Blogs,Singapore,Blog List of Private Schools in SIngapore
private school vs public school,Commercial,20,n/a,Online Schoool,Private Schools,Landing Page,Singapore,NA
private schools in singapore list,Commercial,20,n/a,Business School,Private Schools,Landing Page,Singapore,NA
public vs private school,Commercial,20,n/a,Dental School,Private Schools,Landing Page,Singapore,NA
questions to ask a private school during an interview,Commercial,20,n/a,Law School,Private Schools,Landing Page,Singapore,NA
secondary school private tuition rates,Navigational,20,n/a,Psychology,Private Schools,Landing Page,Singapore,NA
semi private schools,Transactional,20,n/a,Scholarships,Private Schools,Landing Page,Singapore,NA
singapore private school ranking,Informational,20,n/a,NA,Private Schools,Blogs,Singapore,Blog Private School VS Public School
which private school is recognised in singapore,Commercial,20,n/a,NA,Primary Schools,Landing Page,Singapore,NA
25 reservation in private schools online form,Commercial,20,n/a,NA,Private Schools,Blogs,Singapore,Blog List of Private Schools in SIngapore
are independent schools private schools,Informational,20,n/a,NA,Private Schools,Landing Page,Singapore,NA
are private schools worth it,Informational,20,n/a,NA,Private Schools,Blogs,Singapore,Blog Questions to Ask a Private School During an Interview
art private school,Commercial,20,n/a,NA,Private Schools,Landing Page,Singapore,Fees
bank loan for private school,Informational,20,n/a,NA,Private Schools,Blogs,Singapore,Blog Semi Private Schools
benefits of private school,Commercial,20,n/a,NA,Private Schools,Landing Page,Singapore,Ranking
best private elementary schools,Commercial,20,n/a,NA,Private Schools,Blogs,Singapore,Blog Which Private School in Recognised in SIngapore
best private middle schools,Transactional,10,n/a,NA,Private Schools,Blogs,Singapore,Blog 25 Reservation in Private Schools Online Form
best private schools,Informational,10,n/a,NA,Private Schools,Blogs,Singapore,Blog Are Independent Schools Private Schools
characteristics of private schools,Informational,10,n/a,NA,Private Schools,Blogs,Singapore,Blog Are Private Schools Worth it
cheapest private school in singapore,Commercial,10,n/a,Art,Private Schools,Landing Page,Singapore,NA
co ed private schools,Transactional,10,n/a,NA,Private Schools,Landing Page,Singapore,Loan
difference between public and private school,Informational,10,n/a,NA,Private Schools,Landing Page,Singapore,Benefits
diploma in singapore private school,Commercial,10,n/a,Elementary School,Private Schools,Blogs,Singapore,Blog Best Private Elementary Schools
does singapore have private schools,Commercial,10,n/a,Middle School,Private Schools,Blogs,Singapore,Blog Best Private Middle Schools
educational loans for private schools,Commercial,10,n/a,NA,Private Schools,Blogs,Singapore,Blog Best Private Schools
government aided private schools,Informational,10,n/a,NA,Private Schools,Landing Page,Singapore,NA
how are private schools funded,Commercial,10,n/a,NA,Private Schools,Blogs,Singapore,Blog Cheapest Private School in Singapore
letter of recommendation for elementary student for private school,Commercial,10,n/a,Co Ed,Private Schools,Blogs,Singapore,Blog Co Ed Private Schools
local private primary schools,Informational,10,n/a,NA,Private Schools,Blogs,Singapore,Blog Difference Between Public and Private School
number of private schools in india,Commercial,10,n/a,NA,Private Schools,Landing Page,Singapore,NA
private business schools in singapore,Informational,10,n/a,NA,Private Schools,Landing Page,Singapore,NA
private design school singapore,Transactional,10,n/a,Loan,Private Schools,Landing Page,Singapore,NA
private elementary schools,Informational,10,n/a,Loan,Private Schools,Landing Page,Singapore,NA
private engineering schools,Informational,10,n/a,Loan,Private Schools,Blogs,Singapore,Blog How are Private Schools Funded
private high school,Informational,10,n/a,LOC,Private Schools,Blogs,Singapore,Blog Letter of Recommendation for Elementary Student for Private School
private high school scholarships,Commercial,10,n/a,NA,Primary Schools,Landing Page,Singapore,NA
private international english school,Informational,10,n/a,NA,Private Schools,Blogs,Singapore,Blog Number of Private Schools in India
private med schools,Commercial,10,n/a,Business School,Private Schools,Blogs,Singapore,Blog Private Business Schools in Singapore
private medical schools,Commercial,10,n/a,Design School,Private Schools,Blogs,Singapore,Blog Private Designing Schools in Singapore
private middle school,Commercial,10,n/a,Elementary School,Private Schools,Blogs,Singapore,Blog Private Elementary Schools
private nursery school,Commercial,10,n/a,Engineering School,Private Schools,Blogs,Singapore,Blog Private Engineering Schools
private o level school fees,Commercial,10,n/a,NA,Private Schools,Landing Page,Singapore,NA
private o level school recommendation,Transactional,10,n/a,Scholarships,Private Schools,Blogs,Singapore,Blog Private High School Scholarships
private o level school singapore,Commercial,10,n/a,NA,Private Schools,Landing Page,Singapore,NA
private primary school,Commercial,10,n/a,NA,Private Schools,Blogs,Singapore,Blog Private International Schools in Singapore
private school advertising,Commercial,10,n/a,Medical School,Private Schools,Blogs,Singapore,Blog Private Medical Schools
private school application,Commercial,10,n/a,Medical School,Private Schools,Blogs,Singapore,Blog Private Medical Schools
private school cost,Commercial,10,n/a,Middle School,Private Schools,Blogs,Singapore,Blog Private Middle School
private school fees,Commercial,10,n/a,Nursery School,Private Schools,Landing Page,Singapore,NA
private school funding,Commercial,10,n/a,O Level,Private Schools,Landing Page,Singapore,NA
private school in singapore for secondary,Commercial,10,n/a,O Level,Private Schools,Blogs,Singapore,Blog Private O Level School Recommendation
private school kindergarten,Commercial,10,n/a,O Level,Private Schools,Landing Page,Singapore,NA
private school loans,Commercial,10,n/a,NA,Primary Schools,Landing Page,Singapore,NA
private school rankings,Informational,10,n/a,Advertising School,Private Schools,Landing Page,Singapore,NA
private school ratings,Transactional,10,n/a,School Application,Private Schools,Landing Page,Singapore,NA
private school tuition,Commercial,10,n/a,NA,Private Schools,Landing Page,Singapore,Fee
private school vs government school essay,Commercial,10,n/a,NA,Private Schools,Landing Page,Singapore,Fee
private schools list,Informational,10,n/a,NA,Private Schools,Blogs,Singapore,Blog Private School Funding
private schools offering scholarships,Commercial,10,n/a,NA,Primary Schools,Landing Page,Singapore,NA
private secondary school,Commercial,10,n/a,NA,Private Schools,Landing Page,Singapore,NA
private special education schools,Commercial,10,n/a,Kindergarten,Private Schools,Blogs,Singapore,Blog Private Kindergarten School
private tuition primary school,Transactional,10,n/a,NA,Private Schools,Landing Page,Singapore,Loan
private tuition school,Commercial,10,n/a,NA,Private Schools,Blogs,Singapore,Blog Private School Rankings
private tutor for secondary school,Commercial,10,n/a,NA,Private Schools,Blogs,Singapore,Blog Private School Ratings
private university school fees,Commercial,10,n/a,NA,Private Schools,Landing Page,Singapore,NA
private versus public school,Informational,10,n/a,NA,Private Schools,Blogs,Singapore,Blog Private School VS Government Sschool Essay
privately funded schools singapore,Commercial,10,n/a,NA,Private Schools,Landing Page,Singapore,NA
recognised private schools in singapore,Commercial,10,n/a,NA,Private Schools,Blogs,Singapore,Blog Private Schools List
singapore private primary school fees,Transactional,10,n/a,NA,Private Schools,Landing Page,Singapore,NA
singapore private primary school list,Commercial,10,n/a,NA,Private Schools,Landing Page,Singapore,NA
student loans for private school,Commercial,10,n/a,NA,Private Schools,Landing Page,Singapore,NA
top 10 private schools in singapore,Commercial,10,n/a,NA,Primary Schools,Blogs,Singapore,Blog Private Tuition Primary School
top private diploma schools in singapore,Commercial,10,n/a,NA,Private Schools,Blogs,Singapore,Blog Private Tuition School
top private high schools,Commercial,10,n/a,NA,Private Schools,Landing Page,Singapore,NA
top private schools,Commercial,10,n/a,NA,Private Schools,Landing Page,Singapore,Fee
top private schools in singapore,Informational,10,n/a,NA,Private Schools,Landing Page,Singapore,NA
top private secondary schools,Commercial,10,n/a,NA,Private Schools,Blogs,Singapore,Blog Privately Funded Schools Singapore
what is the difference between public and private schools,Commercial,10,n/a,NA,Private Schools,Blogs,Singapore,Blog Recognised Private Schools in Singapore
why private schools are better,Commercial,10,n/a,Fee,Primary Schools,Landing Page,Singapore,NA
why public schools are better than private schools,Commercial,10,n/a,NA,Primary Schools,Blogs,Singapore,Blog Singapore Private Primary School List
montessori school,Transactional,10,n/a,NA,Private Schools,Blogs,Singapore,Blog Student Loans for Private School
montessori school singapore,Commercial,10,n/a,NA,Private Schools,Blogs,Singapore,Blog Top 10 Private Schools in Singapore
montessori certified schools,Commercial,10,n/a,NA,Private Schools,Blogs,Singapore,Blog Top Private Diploma Schools in Singapore
montessori schools vs traditional preschool,Commercial,10,n/a,NA,Private Schools,Blogs,Singapore,Blog Top Private High Schools
top montessori schools,Commercial,10,n/a,NA,Primary Schools,Blogs,Singapore,Blog Top Private Primary Schools in Singapore
fees of montessori schools,Commercial,10,n/a,NA,Private Schools,Blogs,Singapore,Blog Top Private Schools
how many montessori schools are there,Commercial,10,n/a,NA,Private Schools,Blogs,Singapore,Blog Top PrivateSschools inSsingapore
international montessori school,Commercial,10,n/a,NA,Private Schools,Blogs,Singapore,Blog Top Private Secondary Schools
international montessori school singapore,Informational,10,n/a,NA,Private Schools,Landing Page,Singapore,NA
montessori high school,Informational,10,n/a,NA,Private Schools,Blogs,Singapore,Blog Why Private Schools are Better
montessori pre schools,Informational,10,n/a,NA,Private Schools,Blogs,Singapore,Blog Why Public Schools are Better than Private Schools
montessori private school,Commercial,480,46,NA,Montessori Schools,Landing Page,Singapore,NA
montessori school cost,Commercial,210,29,NA,Montessori Schools,Landing Page,Singapore,NA
montessori school fees,Commercial,40,n/a,NA,Montessori Schools,Landing Page,Singapore,NA
montessori school fees singapore,Informational,30,n/a,NA,Montessori Schools,Landing Page,Singapore,NA
what is a montessori school,Commercial,30,n/a,Bes/Top Montessori Schools,Montessori Schools,Blogs,Singapore,Blogs Best/Top Montessori Schools
elementary school,Commercial,10,n/a,Fee,Montessori Schools,Landing Page,Singapore,NA
top elementary schools,Informational,10,n/a,FAQ's,Montessori Schools,Blogs,Singapore,Blogs FAQ Montessori Schools
elementary school rankings,Commercial,10,n/a,International School,Montessori Schools,Landing Page,Singapore,NA
what is elementary school,Commercial,10,n/a,International School,Montessori Schools,Landing Page,Singapore,NA
primary vs elementary school,Commercial,10,n/a,High School,Montessori Schools,Landing Page,Singapore,NA
school elementary,Commercial,10,n/a,Pre School,Montessori Schools,Landing Page,Singapore,NA
international elementary school,Commercial,10,n/a,Private School,Montessori Schools,Landing Page,Singapore,NA
when does elementary school start,Commercial,10,n/a,Fee,Montessori Schools,Landing Page,Singapore,NA
after elementary school,Commercial,10,n/a,Fee,Montessori Schools,Landing Page,Singapore,NA
elementary school graduation,Commercial,10,n/a,Fee,Montessori Schools,Landing Page,Singapore,NA
elementary school subjects,Informational,10,n/a,FAQ's,Montessori Schools,Blogs,Singapore,Blogs FAQ Montessori Schools
elementary school test,Commercial,1000,27,NA,Elementary School,Landing Page,Singapore,NA
elementary vs primary school,Commercial,70,n/a,Top/Best Elementary Schools,Elementary School,Blogs,Singapore,Blogs Top/Best Elementary Schools
secondary school,Commercial,70,n/a,Rankings,Secondary Schools,Landing Page,Singapore,NA
secondary school ranking,Informational,50,n/a,FAQ's,Secondary Schools,Blogs,Singapore,Blogs FAQ Elementary School
singapore secondary school,Informational,50,n/a,NA,Secondary Schools,Blogs,Singapore,Blogs Primary VS Elementary School
best secondary school in singapore,Commercial,30,n/a,NA,Secondary Schools,Landing Page,Singapore,NA
good secondary schools in singapore,Commercial,20,n/a,NA,Secondary Schools,Landing Page,Singapore,NA
singapore secondary school ranking,Informational,10,n/a,FAQ's,Secondary Schools,Blogs,Singapore,Blogs FAQ Elementary School
how many secondary schools in singapore,Informational,10,n/a,FAQ's,Secondary Schools,Blogs,Singapore,Blogs What to do After Elementary School
list of secondary schools in singapore,Informational,10,n/a,NA,Secondary Schools,Blogs,Singapore,Blogs Elementary School Graduation
secondary school fees,Informational,10,n/a,Fee,Secondary Schools,Landing Page,Singapore,NA
secondary school fees singapore,Informational,10,n/a,Fee,Secondary Schools,Landing Page,Singapore,NA
all secondary schools in singapore,Informational,10,n/a,NA,Secondary Schools,Landing Page,Singapore,NA
good secondary schools singapore,Transactional,8100,55,NA,Secondary Schools,Landing Page,Singapore,NA
list of secondary schools,Commercial,3600,20,NA,Secondary Schools,Landing Page,Singapore,NA
secondary school students,Commercial,2400,46,NA,Secondary Schools,Landing Page,Singapore,NA
secondary school tuition,Commercial,1000,17,Best/Top Secondary School,Secondary Schools,Blogs,Singapore,Blogs Best Secondary School in Singapore
best secondary schools,Commercial,1000,21,Good Secondary Schools,Secondary Schools,Blogs,Singapore,Blogs Good Secondary Schools in Singapore
number of secondary schools in singapore,Commercial,720,17,Secondary School Ranking,Secondary Schools,Blogs,Singapore,Blogs Secondary School in Ranking
secondary school application,Informational,590,27,FAQ's,Secondary Schools,Blogs,Singapore,Blogs FAQ Secondary Schools
higher secondary school,Informational,590,21,List of Secondary Schools,Secondary Schools,Blogs,Singapore,Blogs List of Secondary Schools in Singapore
how many choices for secondary school,"Informational, Transactional",320,19,Fee,Secondary Schools,Landing Page,Singapore,NA
when to register for secondary school,Informational,260,24,Fee,Secondary Schools,Landing Page,Singapore,NA
biggest secondary school in singapore,Commercial,170,25,NA,Secondary Schools,Blogs,Singapore,Blogs All Secondary Schools in Singapore
how to select secondary school in singapore,Commercial,170,20,NA,Secondary Schools,Blogs,Singapore,Blogs Good Secondary Schools Singapore
total secondary schools in singapore,Informational,170,26,List of Secondary Schools,Secondary Schools,Blogs,Singapore,Blogs List of Secondary Schools in Singapore
what is secondary school,Informational,140,48,NA,Secondary Schools,Landing Page,Singapore,NA
how many secondary schools are there in singapore,Commercial,140,22,NA,Secondary Schools,Landing Page,Singapore,NA
how to apply secondary school in singapore,Commercial,110,9,Best/Top Secondary School,Secondary Schools,Blogs,Singapore,Blogs Best Secondary School in Singapore
school fees for secondary school,Informational,110,27,NA,Secondary Schools,Blogs,Singapore,Blogs Number of Secondary Schools in Singapore
secondary school admission singapore,"Informational, Transactional",110,33,Application,Secondary Schools,Landing Page,Singapore,NA
secondary school high school difference,Commercial,90,48,NA,Secondary Schools,Landing Page,Singapore,NA
secondary school options,Informational,90,20,FAQ's,Secondary Schools,Blogs,Singapore,Blogs FAQ Secondary Schools
singapore secondary school education system,Informational,90,n/a,FAQ's,Secondary Schools,Blogs,Singapore,Blogs FAQ Secondary Schools
famous secondary school in singapore,Commercial,50,n/a,NA,Secondary Schools,Blogs,Singapore,Blogs Biggest Secondary School in Singapore
how to get into secondary school,Informational,50,n/a,FAQ's,Secondary Schools,Blogs,Singapore,Blogs FAQ Secondary Schools
how to select secondary school,Informational,50,n/a,NA,Secondary Schools,Blogs,Singapore,Blogs Total Secondary Schools in Singapore
secondary school tuition rates,Informational,50,n/a,FAQ's,Secondary Schools,Blogs,Singapore,Blogs FAQ Secondary Schools
when to apply secondary school,Informational,40,n/a,FAQ's,Secondary Schools,Blogs,Singapore,Blogs FAQ Secondary Schools
which is the best secondary school in singapore,Informational,40,n/a,FAQ's,Secondary Schools,Blogs,Singapore,Blogs FAQ Secondary Schools
how to get scholarship for secondary school,Commercial,40,n/a,Fee,Secondary Schools,Landing Page,Singapore,NA
ib secondary schools in singapore,Commercial,40,n/a,Admission,Secondary Schools,Blogs,Singapore,Blogs Secondary School Admission in Singapore
list of all secondary schools in singapore,Informational,40,n/a,NA,Secondary Schools,Landing Page,Singapore,NA
list of secondary school ranking in singapore,Informational,40,n/a,NA,Secondary Schools,Landing Page,Singapore,NA
new secondary schools in singapore,Informational,40,n/a,NA,Secondary Schools,Blogs,Singapore,Blogs Singapore Secondary School Education System
popular secondary schools in singapore,Commercial,30,n/a,NA,Secondary Schools,Landing Page,Singapore,NA
primary school and secondary school,Informational,30,n/a,FAQ's,Secondary Schools,Blogs,Singapore,Blogs FAQ Secondary Schools
primary vs secondary school,Informational,30,n/a,FAQ's,Secondary Schools,Blogs,Singapore,Blogs FAQ Secondary Schools
secondary school admission criteria,Commercial,30,n/a,Fee,Secondary Schools,Landing Page,Singapore,NA
secondary school admissions,Informational,30,n/a,FAQ's,Secondary Schools,Blogs,Singapore,Blogs FAQ Secondary Schools
secondary school registration form,Commercial,30,n/a,FAQ's,Secondary Schools,Blogs,Singapore,Blogs FAQ Secondary Schools
singapore secondary school syllabus,Informational,20,n/a,FAQ's,Secondary Schools,Blogs,Singapore,Blogs FAQ Secondary Schools
the best secondary school in singapore,Commercial,20,n/a,NA,Secondary Schools,Landing Page,Singapore,NA
after secondary school,Commercial,20,n/a,NA,Secondary Schools,Blogs,Singapore,Blogs List of All Secondary Schools in Singapore
application letter for admission to secondary school,Commercial,20,n/a,NA,Secondary Schools,Blogs,Singapore,Blogs List of Secondary School Ranking in Singapore
apply for secondary school,Commercial,20,n/a,NA,Secondary Schools,Blogs,Singapore,Blogs New Secondary Schools in Singapore
best schools in singapore secondary,Commercial,20,n/a,NA,Secondary Schools,Blogs,Singapore,Blogs Popular Secondary Schools in Singapore
cambridge secondary school singapore,Informational,20,n/a,NA,Secondary Schools,Landing Page,Singapore,NA
co ed secondary schools in singapore,Informational,20,n/a,NA,Secondary Schools,Landing Page,Singapore,NA
direct school admission secondary,Informational,20,n/a,NA,Secondary Schools,Landing Page,Singapore,NA
high school or secondary school,Commercial,20,n/a,NA,Secondary Schools,Landing Page,Singapore,NA
how many primary and secondary schools in singapore,Informational,20,n/a,NA,Secondary Schools,Landing Page,Singapore,NA
how many secondary school in singapore,Informational,20,n/a,Syllabus,Secondary Schools,Landing Page,Singapore,NA
how much is secondary school fees in singapore,Commercial,20,n/a,Best/Top Secondary School,Secondary Schools,Blogs,Singapore,Blogs Best/Top Secondary School in Singapore
how to be popular in secondary school,Informational,10,n/a,FAQ's,Secondary Schools,Blogs,Singapore,Blogs FAQ What to do Secondary Schools
how to change secondary school,Informational,10,n/a,Application,Secondary Schools,Blogs,Singapore,Blogs Application Letter for Admission to Secondary School
ib program secondary school,Informational,10,n/a,Application,Secondary Schools,Blogs,Singapore,Blogs Apply for Secondary School
ib secondary schools,Commercial,10,n/a,Best/Top Secondary School,Secondary Schools,Blogs,Singapore,Blogs Best/Top Secondary School in Singapore
ip programme secondary school,Commercial,10,n/a,NA,Secondary Schools,Landing Page,Singapore,NA
ip secondary school list,Commercial,10,n/a,CO Ed,Secondary Schools,Blogs,Singapore,Blogs Co Ed Secondary Schools in Singapore
ip secondary schools in singapore,Informational,10,n/a,NA,Secondary Schools,Landing Page,Singapore,NA
list of independent secondary schools in singapore,Informational,10,n/a,NA,Secondary Schools,Blogs,Singapore,Blogs High School or Secondary School
list of ip secondary schools in singapore,Informational,10,n/a,FAQ's,Secondary Schools,Blogs,Singapore,Blogs FAQ Secondary Schools
list of secondary schools singapore,Informational,10,n/a,FAQ's,Secondary Schools,Blogs,Singapore,Blogs FAQ Secondary Schools
new secondary school,Commercial,10,n/a,FAQ's,Secondary Schools,Blogs,Singapore,Blogs FAQ Secondary Schools
primary and secondary school,Informational,10,n/a,FAQ's,Secondary Schools,Blogs,Singapore,Blogs FAQ Secondary Schools
primary school secondary school,Informational,10,n/a,FAQ's,Secondary Schools,Blogs,Singapore,Blogs FAQ Secondary Schools
primary school to secondary school,Informational,10,n/a,NA,Secondary Schools,Blogs,Singapore,Blogs IB Program Secondary School
primary school vs secondary school,Commercial,10,n/a,NA,Secondary Schools,Blogs,Singapore,Blogs IB Secondary Schools
ranking for secondary schools in singapore,Informational,10,n/a,NA,Secondary Schools,Blogs,Singapore,Blogs IP Programme Secondary School
ranking of singapore secondary school,Commercial,10,n/a,NA,Secondary Schools,Blogs,Singapore,Blogs List of IP Secondary Schools
register for secondary school,Commercial,10,n/a,NA,Secondary Schools,Blogs,Singapore,Blogs IP Secondary Schools in Singapore
scholarship for secondary school students,Commercial,10,n/a,NA,Secondary Schools,Blogs,Singapore,Blogs List of Independent Secondary Schools in Singapore
school fee for secondary school in singapore,Commercial,10,n/a,NA,Secondary Schools,Blogs,Singapore,Blogs List of IP Secondary Schools in Singapore
school fees secondary school,Commercial,10,n/a,NA,Secondary Schools,Blogs,Singapore,Blogs List of Secondary Schools Singapore
school fees secondary school singapore,Commercial,10,n/a,NA,Secondary Schools,Landing Page,Singapore,NA
school ranking secondary,Informational,10,n/a,NA,Secondary Schools,Landing Page,Singapore,NA
schools in singapore secondary,Informational,10,n/a,NA,Secondary Schools,Landing Page,Singapore,NA
secondary school education in singapore,Informational,10,n/a,NA,Secondary Schools,Blogs,Singapore,Blogs Primary School to Secondary School
secondary school enrollment singapore,Informational,10,n/a,NA,Secondary Schools,Landing Page,Singapore,NA
secondary school examination,Commercial,10,n/a,NA,Secondary Schools,Blogs,Singapore,Blogs Ranking of Secondary Schools in Singapore
secondary school fee for singaporean,Commercial,10,n/a,NA,Secondary Schools,Blogs,Singapore,Blogs Ranking of Secondary Schools in Singapore
secondary school fees for foreigners in singapore,Informational,10,n/a,NA,Secondary Schools,Landing Page,Singapore,NA
secondary school financial aid,Informational,10,n/a,Scholarships,Secondary Schools,Landing Page,Singapore,NA
secondary school financial assistance,Commercial,10,n/a,Fee,Secondary Schools,Landing Page,Singapore,NA
secondary school ib program,Commercial,10,n/a,Fee,Secondary Schools,Landing Page,Singapore,NA
secondary school ranking list,Commercial,10,n/a,Fee,Secondary Schools,Landing Page,Singapore,NA
secondary school ratings,Commercial,10,n/a,NA,Secondary Schools,Blogs,Singapore,Blogs Ranking of Secondary Schools in Singapore
secondary school reading list,Commercial,10,n/a,NA,Secondary Schools,Blogs,Singapore,Blogs Secondary Schools in Singapore
secondary school registration,Informational,10,n/a,NA,Secondary Schools,Blogs,Singapore,Blogs Secondary School Education in Singapore
secondary school scholarships,Informational,10,n/a,NA,Secondary Schools,Landing Page,Singapore,NA
secondary school syllabus,Informational,10,n/a,NA,Secondary Schools,Landing Page,Singapore,NA
secondary school tuition fee,Commercial,10,n/a,Fee,Secondary Schools,Landing Page,Singapore,NA
secondary school tuition singapore,Commercial,10,n/a,Fee,Secondary Schools,Landing Page,Singapore,NA
secondary school vs high school,Informational,10,n/a,Scholarships,Secondary Schools,Landing Page,Singapore,NA
tips for secondary school,Informational,10,n/a,Scholarships,Secondary Schools,Landing Page,Singapore,NA
types of secondary schools in singapore,Informational,10,n/a,NA,Secondary Schools,Landing Page,Singapore,NA
what is secondary school in singapore,Commercial,10,n/a,NA,Secondary Schools,Blogs,Singapore,Blogs Ranking List of Secondary School
what is the best secondary school in singapore,Commercial,10,n/a,NA,Secondary Schools,Blogs,Singapore,Blogs Ratings of Secondary School 
what secondary school should i go to,Informational,10,n/a,NA,Secondary Schools,Landing Page,Singapore,NA
what secondary school should i go to quiz,Informational,10,n/a,NA,Secondary Schools,Landing Page,Singapore,NA
what to do after secondary school,Informational,10,n/a,Scholarships,Secondary Schools,Landing Page,Singapore,NA
whats secondary school,Informational,10,n/a,NA,Secondary Schools,Landing Page,Singapore,NA
when do we apply for secondary school,Commercial,10,n/a,Fee,Secondary Schools,Landing Page,Singapore,NA
which secondary school,Commercial,10,n/a,NA,Secondary Schools,Landing Page,Singapore,NA
which secondary school is the best in singapore,Informational,10,n/a,NA,Secondary Schools,Blogs,Singapore,Blogs Secondary School vs High School
cambridge lower secondary programme,Informational,10,n/a,NA,Secondary Schools,Blogs,Singapore,Blogs Tips for Secondary School
cambridge high school,Informational,10,n/a,NA,Secondary Schools,Blogs,Singapore,Blogs Types of Secondary Schools in Singapore
difference between ib and ibdp,Informational,10,n/a,FAQ's,Secondary Schools,Blogs,Singapore,Blogs FAQ Secondary Schools
difference between ibdp and ibcp,Commercial,10,n/a,FAQ's,Secondary Schools,Blogs,Singapore,Blogs FAQ Secondary Schools
ibpyp,Informational,10,n/a,FAQ's,Secondary Schools,Blogs,Singapore,Blogs FAQ Secondary Schools
clsp​,Informational,10,n/a,FAQ's,Secondary Schools,Blogs,Singapore,Blogs FAQ Secondary Schools
clsp curriculum,Informational,10,n/a,FAQ's,Secondary Schools,Blogs,Singapore,Blogs FAQ Secondary Schools
ib program high school,Informational,10,n/a,FAQ's,Secondary Schools,Blogs,Singapore,Blogs FAQ Secondary Schools
ib high school,Informational,10,n/a,FAQ's,Secondary Schools,Blogs,Singapore,Blogs FAQ Secondary Schools
what is an ib program in high school,Informational,10,n/a,FAQ's,Secondary Schools,Blogs,Singapore,Blogs FAQ Secondary Schools
ibdp,Commercial,10,n/a,FAQ's,Secondary Schools,Blogs,Singapore,Blogs FAQ Secondary Schools
ib primary years programme pyp,Commercial,20,n/a,NA,Secondary Schools,Landing Page,Singapore,NA
high school,Commercial,30,n/a,NA,Cambridge Schools,Landing Page,Singapore,NA
singapore high school,Commercial,20,n/a,NA,Cambridge Schools,Landing Page,Singapore,NA
100 things to do before high school,Informational,10,n/a,NA,IBDP Schools,Landing Page,Singapore,NA
what is high school,Informational,10,n/a,NA,IBDP Schools,Landing Page,Singapore,NA
high school graduation trips,Informational,10,n/a,NA,IBPYP Schools,Landing Page,Singapore,NA
how to be a successful student in high school,Informational,10,n/a,NA,CLSP Schools,Landing Page,Singapore,NA
sample letter to high school graduate,Informational,10,n/a,Sample Letter,CLSP Schools,Landing Page,Singapore,NA
what is ap program in high school,Commercial,40,n/a,NA,IB Schools,Landing Page,Singapore,NA
high school curriculum,Commercial,10,n/a,NA,IB Schools,Landing Page,Singapore,NA
high school fees,Informational,10,n/a,Fee,IB Schools,Landing Page,Singapore,NA
high school questions,Informational,390,37,NA,IB Schools,Landing Page,Singapore,NA
high school scholarship singapore,Informational,10,n/a,Scholarships,IB Schools,Landing Page,Singapore,NA
high school student exchange programs,Commercial,2400,44,NA,High Schools,Landing Page,Singapore,NA
best high school,Commercial,590,40,Best/Top High School,High Schools,Blogs,Singapore,Blogs Best/Top High School
best online high schools,Commercial,260,35,Best/Top Online School,High Schools,Landing Page,Singapore,NA
career aptitude test for high school students,Informational,170,58,NA,High Schools,Blogs,Singapore,Blogs Career Aptitude Test for High School Students
career guidance for high school students,Informational,50,n/a,NA,High Schools,Landing Page,Singapore,NA
career path test for high school students,Informational,50,n/a,NA,High Schools,Landing Page,Singapore,NA
career planning for high school students,Informational,50,n/a,NA,High Schools,Landing Page,Singapore,NA
college prep high school,Commercial,50,n/a,NA,High Schools,Blogs,Singapore,Blogs College Prep High School
cover letter for high school student,Informational,10,n/a,Cover Letter,High Schools,Blogs,Singapore,Blogs Cover Letter for High School Student
difference between high school and college,Informational,10,n/a,NA,High Schools,Landing Page,Singapore,NA
difference between middle school and high school,Informational,30,n/a,NA,High Schools,Blogs,Singapore,Blogs Difference NBtween Middle School and High School
famous high schools,Commercial,20,n/a,NA,High Schools,Blogs,Singapore,Blogs Famous High Schools
high school and college differences,Informational,20,n/a,NA,High Schools,Blogs,Singapore,Blogs High School and College Differences
high school and university,Informational,20,n/a,NA,High Schools,Landing Page,Singapore,NA
high school application,Commercial,20,n/a,Application,High Schools,Landing Page,Singapore,NA
high school application letter,Informational,20,n/a,Application,High Schools,Blogs,Singapore,Blogs High School Application Letter
high school graduation letter,Informational,20,n/a,Application,High Schools,Blogs,Singapore,Blogs High School Graduation Letter
high school graduation requirements,Informational,20,n/a,NA,High Schools,Landing Page,Singapore,NA
what is high school equivalent in singapore,Informational,10,n/a,FAQ's,High Schools,Blogs,Singapore,Blogs FAQ High Schools
what is technical high school,Informational,10,n/a,FAQ's,High Schools,Blogs,Singapore,Blogs FAQ High Schools
what to do after graduating high school,Informational,10,n/a,FAQ's,High Schools,Blogs,Singapore,Blogs FAQ High Schools
what's after high school,Informational,10,n/a,FAQ's,High Schools,Blogs,Singapore,Blogs FAQ High Schools
what's before high school,Informational,10,n/a,FAQ's,High Schools,Blogs,Singapore,Blogs FAQ High Schools
when does high school start,Informational,10,n/a,FAQ's,High Schools,Blogs,Singapore,Blogs FAQ High Schools
high school rankings,Commercial,10,n/a,Rankings,High Schools,Blogs,Singapore,Blogs High School Rankings
high school registration,Commercial,10,n/a,Registration,High Schools,Landing Page,Singapore,NA
highschool or high school,Informational,10,n/a,NA,High Schools,Blogs,Singapore,NA
how many credits do you need to graduate high school,Informational,10,n/a,FAQ's,High Schools,Blogs,Singapore,Blogs FAQ High Schools
how many credits to graduate high school,Informational,10,n/a,FAQ's,High Schools,Blogs,Singapore,Blogs FAQ High Schools
how to calculate your gpa in high school,Informational,10,n/a,FAQ's,High Schools,Blogs,Singapore,Blogs FAQ High Schools
how to count gpa in high school,Informational,10,n/a,FAQ's,High Schools,Blogs,Singapore,Blogs FAQ High Schools
ip program high school,Informational,10,n/a,NA,High Schools,Landing Page,Singapore,NA
linkedin for high school students,Informational,10,n/a,NA,High Schools,Landing Page,Singapore,NA
list of high school events,Informational,10,n/a,NA,High Schools,Blogs,Singapore,Blogs List of High School Events
middle high school,Informational,10,n/a,NA,High Schools,Blogs,Singapore,Blogs Middle High School
middle school high school,Informational,10,n/a,NA,High Schools,Landing Page,Singapore,NA
middle school or high school,Informational,10,n/a,NA,High Schools,Landing Page,Singapore,NA
middle school vs high school,Informational,10,n/a,NA,High Schools,Blogs,Singapore,Blogs Middle School VS High School
montessori certified schools,Commercial,40,n/a,NA,Montessori Schools,Landing Page,Singapore,NA
list of montessori schools in singapore,Commercial,30,n/a,List of Montessori School,Montessori Schools,Blogs,Singapore,Blogs List of Montessori School in Singapore
montessori schools vs traditional preschool,Informational,30,n/a,NA,Montessori Schools,Landing Page,Singapore,NA
top montessori schools,Commercial,30,n/a,Top/Best Montessori School,Montessori Schools,Blogs,Singapore,Blogs Top/Best Montessori School
high school classroom,Informational,70,n/a,NA,High Schools,Blogs,Singapore,Blogs High School Classroom
high school credits,Informational,70,n/a,NA,High Schools,Blogs,Singapore,Blogs High School Credits
high school gpa calculator,Informational,70,n/a,GPA,High Schools,Blogs,Singapore,Blogs High School GPA Calculator
what is ap in high school,Informational,70,n/a,FAQ's,High Schools,Blogs,Singapore,Blogs FAQ High Schools
how is gpa calculated in high school,Informational,50,n/a,GPA,High Schools,Blogs,Singapore,Blogs High School GPA Calculator
what is high school certificate,Informational,50,n/a,NA,High Schools,Landing Page,Singapore,NA
winter programs for high school students,Commercial,50,n/a,NA,High Schools,Landing Page,Singapore,NA
high school gpa chart,Informational,40,n/a,GPA,High Schools,Landing Page,Singapore,NA
high school graduate equivalent in singapore,Informational,40,n/a,NA,High Schools,Landing Page,Singapore,NA
high school names,Informational,40,n/a,NA,High Schools,Blogs,Singapore,Blogs High School Names
high school scholarships,Informational,40,n/a,Scholarships,High Schools,Landing Page,Singapore,NA
what happens after high school,Informational,40,n/a,FAQ's,High Schools,Blogs,Singapore,Blogs FAQ High Schools
what is a passing gpa in high school,Informational,40,n/a,FAQ's,High Schools,Blogs,Singapore,Blogs FAQ High Schools
what is after high school,Informational,30,n/a,FAQ's,High Schools,Blogs,Singapore,Blogs FAQ High Schools
what to do after high school,Informational,30,n/a,FAQ's,High Schools,Blogs,Singapore,Blogs FAQ High Schools
what is gpa in high school,Informational,20,n/a,FAQ's,High Schools,Blogs,Singapore,Blogs FAQ High Schools
100 things before high school,Informational,20,n/a,NA,High Schools,Blogs,Singapore,Blogs 100 Things to do before High School List
100 things to do before high school list,Informational,10,n/a,NA,High Schools,Blogs,Singapore,Blogs 100 Things to do before High School List
after high school,Informational,10,n/a,NA,High Schools,Blogs,Singapore,Blogs What to do after High School
application letter for high school admission,Informational,10,n/a,Application,High Schools,Blogs,Singapore,Blogs Application Letter for High School Admission
certificate of completion high school,Informational,10,n/a,NA,High Schools,Blogs,Singapore,Blogs Certificate of Completion High School
classroom management strategies for high school,Informational,10,n/a,NA,High Schools,Blogs,Singapore,Blogs Classroom Management Strategies for High School
complete high school,Informational,10,n/a,NA,High Schools,Blogs,Singapore,Blogs Complete High School
differentiated instruction in high school,Informational,10,n/a,NA,High Schools,Blogs,Singapore,Blogs Differentiated Instruction Strategies High School
differentiated instruction strategies high school,Informational,10,n/a,NA,High Schools,Blogs,Singapore,Blogs Differentiated Instruction Strategies High School
graduating with honors high school,Informational,10,n/a,NA,High Schools,Blogs,Singapore,Blogs Graduating with Honors High School
high school and college,Informational,10,n/a,NA,High Schools,Landing Page,Singapore,NA
high school certificate,Informational,10,n/a,NA,High Schools,Landing Page,Singapore,NA
high school classes,Informational,10,n/a,NA,High Schools,Landing Page,Singapore,NA
high school degree,Informational,10,n/a,NA,High Schools,Landing Page,Singapore,NA
high school degree name,Informational,10,n/a,NA,High Schools,Blogs,Singapore,Blogs High School Degree Name
high school education,Informational,10,n/a,NA,High Schools,Landing Page,Singapore,NA
high school equivalency,Informational,10,n/a,NA,High Schools,Landing Page,Singapore,NA
high school gpa,Informational,10,n/a,GPA,High Schools,Blogs,Singapore,Blogs High School GPA Calculator
high school gpa scale,Informational,10,n/a,GPA,High Schools,Blogs,Singapore,Blogs High School GPA Scale
high school graduation,Informational,10,n/a,GPA,High Schools,Landing Page,Singapore,NA
high school graduation rate,Informational,10,n/a,Fee,High Schools,Blogs,Singapore,Blogs High School Graduation Rate
high school graduation speech sample,Informational,10,n/a,Sample Letter,High Schools,Blogs,Singapore,Blogs High School Graduation Speech Sample
when do you take finals in high school,Informational,10,n/a,FAQ's,High Schools,Blogs,Singapore,Blogs FAQ High Schools
when is high school,Informational,10,n/a,FAQ's,High Schools,Blogs,Singapore,Blogs FAQ High Schools
high school programs,Informational,10,n/a,NA,High Schools,Landing Page,Singapore,NA
high school vs university,Informational,10,n/a,NA,High Schools,Landing Page,Singapore,NA
how does high school work,Informational,10,n/a,FAQ's,High Schools,Blogs,Singapore,Blogs FAQ High Schools
how to get into ap classes in high school,Informational,10,n/a,FAQ's,High Schools,Blogs,Singapore,Blogs FAQ High Schools
life after high school,Informational,10,n/a,NA,High Schools,Blogs,Singapore,Blogs Life after High School
singapore high school equivalent,Informational,10,n/a,NA,High Schools,Landing Page,Singapore,NA
ib result,Informational,390,25,IB Results,Results,Landing Page,Singapore,NA
ib singapore results,"Informational, Commercial",90,14,IB Results,Results,Landing Page,Singapore,NA
ib results singapore,Informational,70,n/a,IB Results,Results,Landing Page,Singapore,NA
ib exam result,Informational,10,n/a,IB Results,Results,Landing Page,Singapore,NA
ib program results,Informational,10,n/a,IB Results,Results,Landing Page,Singapore,NA
ib results online,Informational,10,n/a,IB Results,Results,Blogs,Singapore,Blogs Online IB Results
cambridge results page,Informational,90,43,Cambridge results,Results,Landing Page,Singapore,NA
cambridge exam results,Informational,70,n/a,Cambridge results,Results,Landing Page,Singapore,NA
cambridge international examinations results,Informational,70,n/a,Cambridge results,Results,Landing Page,Singapore,NA
cambridge igcse results,Informational,40,n/a,Cambridge results,Results,Landing Page,Singapore,NA
cambridge test results,Informational,40,n/a,Cambridge results,Results,Landing Page,Singapore,NA
cambridge results,Informational,30,n/a,Cambridge results,Results,Landing Page,Singapore,NA
cambridge online results,Informational,20,n/a,Cambridge results,Results,Landing Page,Singapore,NA
singapore international school admission,Commercial,90,20,School Admissions,Admission,Landing Page,Singapore,NA
international school admission,Commercial,10,n/a,School Admissions,Admission,Landing Page,Singapore,NA
singapore local school admission for foreign students,Commercial,140,20,School Admissions,Admission,Landing Page,Singapore,NA
singapore international school admission,Commercial,90,20,School Admissions,Admission,Landing Page,Singapore,NA
primary school admission for foreigners in singapore,Commercial,30,n/a,School Admissions,Admission,Landing Page,Singapore,NA
how to get admission in local school in singapore,Informational,20,n/a,FAQ's,Admission,Blogs,Singapore,Blogs FAQ Admission
secondary school admission singapore,Commercial,20,n/a,School Admissions,Admission,Landing Page,Singapore,NA
singapore primary school admission,Commercial,20,n/a,School Admissions,Admission,Blogs,Singapore,Blogs Singapore Primary School Admission
singapore school admission,Commercial,10,n/a,School Admissions,Admission,Landing Page,Singapore,NA
cambridge admissions statistics,Informational,90,24,Cambridge Admissions,Admission,Landing Page,Singapore,NA
cambridge graduate admissions,Commercial,90,40,Cambridge Admissions,Admission,Landing Page,Singapore,NA
admissions statistics cambridge,Informational,30,n/a,Cambridge Admissions,Admission,Landing Page,Singapore,NA
cambridge university admissions,Commercial,30,n/a,Cambridge Admissions,Admission,Landing Page,Singapore,NA
admission in cambridge university,Commercial,20,n/a,Cambridge Admissions,Admission,Landing Page,Singapore,NA
cambridge admissions,Commercial,20,n/a,Cambridge Admissions,Admission,Landing Page,Singapore,NA
cambridge admissions tests,Informational,20,n/a,Cambridge Admissions,Admission,Landing Page,Singapore,NA
cambridge assessment admissions testing,Informational,20,n/a,Cambridge Admissions,Admission,Landing Page,Singapore,NA
cambridge undergraduate admissions,Commercial,20,n/a,Cambridge Admissions,Admission,Landing Page,Singapore,NA
cambridge admission requirements,Informational,10,n/a,Cambridge Admissions,Admission,Landing Page,Singapore,NA
cambridge uni admissions stats,Informational,10,n/a,Cambridge Admissions,Admission,Landing Page,Singapore,NA
cambridge university admission requirements for international students,Informational,10,n/a,Cambridge Admissions,Admission,Landing Page,Singapore,NA
cambridge university admissions postgraduate,Commercial,10,n/a,Cambridge Admissions,Admission,Landing Page,Singapore,NA
cambridge university admissions requirements,Informational,10,n/a,Cambridge Admissions,Admission,Landing Page,Singapore,NA
how to get admission in cambridge university,Informational,10,n/a,FAQ's,Admission,Blogs,Singapore,Blogs FAQ Admission
how to get admission in cambridge university for postgraduate,Informational,10,n/a,FAQ's,Admission,Blogs,Singapore,Blogs FAQ Admission
university of cambridge graduate admissions,Commercial,10,n/a,Cambridge Admissions,Admission,Landing Page,Singapore,NA
application for admission in school,Transactional,20,n/a,Admission Application,Application,Landing Page,Singapore,NA
application letter for admission to secondary school,Transactional,20,n/a,Admission Application,Application,Landing Page,Singapore,NA
application letter for college admission,Transactional,20,n/a,Admission Application,Application,Landing Page,Singapore,NA
application letter for high school admission,Transactional,20,n/a,Admission Application,Application,Landing Page,Singapore,NA
application letter for school admission for child,Transactional,20,n/a,Admission Application,Application,Landing Page,Singapore,NA
application letter for university admission sample,Transactional,20,n/a,Admission Application,Application,Landing Page,Singapore,NA
sample application letter for school admission,Transactional,20,n/a,Admission Application,Application,Landing Page,Singapore,NA
application for college admission,Transactional,10,n/a,Admission Application,Application,Landing Page,Singapore,NA
application letter for university admission,Transactional,10,n/a,Admission Application,Application,Landing Page,Singapore,NA
sample application letter for primary school admission,Transactional,10,n/a,Admission Application,Application,Landing Page,Singapore,NA
undergraduate admission application,Transactional,10,n/a,Admission Application,Application,Landing Page,Singapore,NA
scholarship,"Informational, Commercial",1900,40,NA,Scholarships,Landing Page,Singapore,NA
singapore scholarship,"Informational, Commercial",1300,46,Na,Scholarships,Landing Page,Singapore,NA
scholarships for international students,Commercial,720,59,International Scholarships,Scholarships,Landing Page,Singapore,NA
nanyang scholarship,Informational,320,20,Nanyang Scholarships,Scholarships,Landing Page,Singapore,NA
ib scholarships,Commercial,210,n/a,IB Scholarships,Scholarships,Landing Page,Singapore,NA
university scholarships,"Informational, Commercial",170,43,NA,Scholarships,Landing Page,Singapore,NA
singapore international student scholarship,Informational,140,35,International Scholarships,Scholarships,Landing Page,Singapore,NA
singapore scholarship for foreign students,Commercial,140,32,International Scholarships,Scholarships,Landing Page,Singapore,NA
singapore scholarship for international students,Informational,140,36,International Scholarships,Scholarships,Landing Page,Singapore,NA
cambridge scholarship,Informational,110,38,Cambridge Scholarships,Scholarships,Landing Page,Singapore,NA
scholarships for foreign students,Informational,110,44,International Scholarships,Scholarships,Landing Page,Singapore,NA
cambridge university scholarships for international undergraduate students,"Informational, Transactional",90,43,Cambridge Scholarships,Scholarships,Landing Page,Singapore,NA
study in singapore scholarship,"Informational, Commercial",90,39,NA,Scholarships,Landing Page,Singapore,NA
scholarship opportunities,Informational,40,n/a,NA,Scholarships,Landing Page,Singapore,NA
degree scholarship,Commercial,30,n/a,Degree Scholarships,Scholarships,Landing Page,Singapore,NA
how do scholarships work,Informational,30,n/a,FAQ's,Scholarships,Blogs,Singapore,Blogs FAQ Scholarships
how do you apply for scholarships,Informational,30,n/a,FAQ's,Scholarships,Blogs,Singapore,Blogs FAQ Scholarships
how to apply for scholarships,Informational,30,n/a,FAQ's,Scholarships,Blogs,Singapore,Blogs FAQ Scholarships
scholarship application,Transactional,30,n/a,Scholarship Application,Scholarships,Landing Page,Singapore,NA
scholarships for students,Commercial,30,n/a,NA,Scholarships,Landing Page,Singapore,NA
scholarships for university students,Commercial,30,n/a,NA,Scholarships,Landing Page,Singapore,NA
school scholarship,Commercial,30,n/a,NA,Scholarships,Landing Page,Singapore,NA
singapore universities scholarships for international students,Commercial,30,n/a,International Scholarships,Scholarships,Landing Page,Singapore,NA
advantages of scholarship,Informational,20,n/a,NA,Scholarships,Blogs,Singapore,Blogs Advantages of Scholarship
apply for scholarship in singapore,Transactional,20,n/a,NA,Scholarships,Landing Page,Singapore,NA
apply for scholarships,Transactional,20,n/a,NA,Scholarships,Landing Page,Singapore,NA
apply scholarship in singapore,Transactional,20,n/a,NA,Scholarships,Landing Page,Singapore,NA
cambridge international scholarship,Commercial,20,n/a,Cambridge Scholarships,Scholarships,Landing Page,Singapore,NA
cambridge university scholarships,Commercial,20,n/a,Cambridge Scholarships,Scholarships,Landing Page,Singapore,NA
cambridge university scholarships for international students,Commercial,20,n/a,Cambridge Scholarships,Scholarships,Landing Page,Singapore,NA
international university scholarships,Commercial,20,n/a,International Scholarships,Scholarships,Landing Page,Singapore,NA
primary school scholarship,Commercial,20,n/a,Primary Scholarships,Scholarships,Landing Page,Singapore,NA
scholarship application singapore,Transactional,20,n/a,Scholarship Application,Scholarships,Landing Page,Singapore,NA
scholarship benefits,Informational,20,n/a,NA,Scholarships,Landing Page,Singapore,NA
scholarship cambridge,Commercial,20,n/a,Cambridge Scholarships,Scholarships,Landing Page,Singapore,NA
scholarship criteria,Informational,20,n/a,NA,Eligibility,Landing Page,Singapore,NA
scholarship for secondary school students,Commercial,20,n/a,Secondary School Scholarships,Scholarships,Landing Page,Singapore,NA
scholarships for high school students,Commercial,20,n/a,High School Scholarships,Scholarships,Landing Page,Singapore,NA
singapore scholarship university,Commercial,20,n/a,NA,Scholarships,Landing Page,Singapore,NA
when should you apply for scholarships,Informational,20,n/a,FAQ's,Scholarships,Blogs,Singapore,Blogs FAQ Scholarships
why apply for scholarships,Informational,20,n/a,FAQ's,Scholarships,Blogs,Singapore,Blogs FAQ Scholarships
why are scholarships important,Informational,20,n/a,FAQ's,Scholarships,Blogs,Singapore,Blogs FAQ Scholarships
why are you applying for the scholarship,Informational,20,n/a,FAQ's,Scholarships,Blogs,Singapore,Blogs FAQ Scholarships
why are you applying for this scholarship,Informational,20,n/a,FAQ's,Scholarships,Blogs,Singapore,Blogs FAQ Scholarships
application for scholarship in university,Transactional,10,n/a,Scholarship Application,Scholarships,Landing Page,Singapore,NA
application letter for scholarship in college,Transactional,10,n/a,Scholarship Application,Scholarships,Blogs,Singapore,Blogs Application Letter for Scholarship in College
cambridge college scholarships,Commercial,10,n/a,Cambridge Scholarships,Scholarships,Landing Page,Singapore,NA
how to apply for college scholarships,Informational,10,n/a,FAQ's,Scholarships,Blogs,Singapore,Blogs FAQ Scholarships
nanyang singapore scholarship,Commercial,10,n/a,Nanyang Scholarships,Scholarships,Blogs,Singapore,Blogs Nanyang University Scholarship in Singapore
nanyang university scholarship,Commercial,10,n/a,Nanyang Scholarships,Scholarships,Blogs,Singapore,Blogs Nanyang University Scholarship in Singapore
nanyang university singapore scholarship,Commercial,10,n/a,Nanyang Scholarships,Scholarships,Blogs,Singapore,Blogs Nanyang University Scholarship in Singapore
scholarship eligibility,Informational,10,n/a,Scholarships Eligibility,Scholarships,Landing Page,Singapore,NA
scholarship eligibility requirements,Informational,10,n/a,Scholarships Eligibility,Scholarships,Landing Page,Singapore,NA
ib criteria,Informational,20,25,IB Eligibility,Eligibility,Landing Page,Singapore,NA